raw_material_id,raw_material_sku,suppliers
150,RM-C1-calcium-citrate-05c28cc3,"Jost Chemical,PureBulk"
151,RM-C1-cellulose-594d4ce6,"Ashland,Colorcon"
152,RM-C1-croscarmellose-sodium-ba050b0c,"Ashland,Colorcon"
153,RM-C1-magnesium-silicate-6045d1ce,"Ashland,Colorcon"
154,RM-C1-magnesium-stearate-fdedf242,"Ashland,Colorcon"
155,RM-C1-polyethylene-glycol-53cc28ba,"Spectrum Chemical,Univar Solutions"
156,RM-C1-polyvinyl-alcohol-ebfeea56,"Ashland,Colorcon"
157,RM-C1-stearic-acid-9a014700,"Ashland,Colorcon"
158,RM-C1-titanium-dioxide-e460a12c,"Ashland,Colorcon"
159,RM-C1-vitamin-d3-cholecalciferol-67efce0f,"Prinova USA,PureBulk"
160,RM-C2-ascorbic-acid-4823fabf,"Prinova USA,PureBulk"
161,RM-C2-beta-carotene-bb90cd60,"AIDP,Nutri Avenue"
164,RM-C2-choline-bitartrate-296d4da4,"Balchem,Prinova USA"
165,RM-C2-cyanocobalamin-c2d9669b,"Prinova USA,PureBulk"
166,RM-C2-d-alpha-tocopheryl-succinate-532e67fd,"Prinova USA,PureBulk"
167,RM-C2-d-calcium-pantothenate-bc49e976,"Prinova USA,PureBulk"
168,RM-C2-hesperidin-complex-a26e0bcd,"AIDP,Nutri Avenue"
169,RM-C2-inositol-a10dfe66,"Nutri Avenue,PureBulk"
170,RM-C2-lemon-bioflavonoid-complex-0eeb9802,"American Botanicals,Mueggenburg USA"
172,RM-C2-manganese-2947a710,"Jost Chemical,Prinova USA"
173,RM-C2-niacinamide-c27eb0fe,"Prinova USA,PureBulk"
174,RM-C2-para-amino-benzoic-acid-b19c9ed7,"Cambrex,Spectrum Chemical"
175,RM-C2-potassium-alginate-ab91bdcc,"Ashland,Colorcon"
177,RM-C2-pyridoxine-hcl-0a843bcb,"Prinova USA,PureBulk"
178,RM-C2-riboflavin-a3d02436,"Prinova USA,PureBulk"
179,RM-C2-rice-bran-1f905661,Ingredion
180,RM-C2-rice-protein-c17ff51d,"AIDP,Ingredion"
181,RM-C2-rutin-e29ccf19,"American Botanicals,Mueggenburg USA"
182,RM-C2-soy-lecithin-cc38c49d,"ADM,Cargill"
183,RM-C2-thiamine-hcl-a714a4bf,"Prinova USA,PureBulk"
184,RM-C2-vitamin-a-palmitate-58b26912,"Prinova USA,PureBulk"
186,RM-C3-citric-acid-6f4f6850,"Prinova USA,Univar Solutions"
187,RM-C3-maltodextrin-9e221e16,Ingredion
188,RM-C3-orange-flavor-10a9b501,"Gold Coast Ingredients"
189,RM-C3-potassium-a7e6389c,"Jost Chemical,Prinova USA"
190,RM-C3-sodium-bd233043,"Jost Chemical,Prinova USA"
191,RM-C3-sugar-ef04e1fd,"Ingredion,Prinova USA"
192,RM-C4-calcium-c77f1de7,"Jost Chemical,Prinova USA"
193,RM-C4-magnesium-7058dcb8,"Jost Chemical,Prinova USA"
194,RM-C4-potassium-4fd2e03c,"Jost Chemical,Prinova USA"
196,RM-C5-blue-agave-inulin-b9f21209,"Ingredion,Nutra Food Ingredients"
197,RM-C5-brown-rice-protein-f2127b74,"AIDP,Ingredion"
198,RM-C5-cinnamon-28c1b925,"American Botanicals,Mueggenburg USA"
199,RM-C5-coconut-sugar-72cdee92,"Ingredion,Prinova USA"
200,RM-C5-ground-vanilla-beans-51d15fb4,"Gold Coast Ingredients,Virginia Dare"
201,RM-C5-hemp-seed-protein-8695d4e3,AIDP
202,RM-C5-medium-chain-triglycerides-mct-from-coconut-oil-69d4233c,"ADM,Cargill"
203,RM-C5-monk-fruit-extract-a8190686,"Cargill,Prinova USA"
204,RM-C5-natural-flavor-177a6a66,"Gold Coast Ingredients"
205,RM-C5-pea-protein-4369ae6b,"AIDP,Ingredion"
206,RM-C5-pumpkin-seed-protein-e4230ea3,AIDP
207,RM-C5-xanthan-gum-7ff5328f,Ingredion
208,RM-C6-acesulfame-potassium-72a88908,"Cargill,Prinova USA"
209,RM-C6-artificial-flavor-abc70ce1,"Gold Coast Ingredients"
210,RM-C6-carrageenan-5724a865,Ingredion
211,RM-C6-cellulose-gum-fbd9bf21,Ingredion
212,RM-C6-cocoa-processed-with-alkali-4270adbb,Ingredion
213,RM-C6-natural-flavor-89d4e0c4,"Gold Coast Ingredients"
214,RM-C6-sodium-chloride-baddece9,"Jost Chemical,PureBulk"
215,RM-C6-soy-lecithin-5de90202,"ADM,Cargill"
216,RM-C6-sucralose-792c37c8,"Prinova USA,Univar Solutions"
217,RM-C6-sunflower-lecithin-47e33a0e,"ADM,Cargill"
218,RM-C6-whey-protein-concentrate-3d85f0ab,"Actus Nutrition,Prinova USA"
219,RM-C6-whey-protein-isolate-0a63f8af,"Actus Nutrition,Prinova USA"
220,RM-C6-xanthan-gum-ead6309f,Ingredion
221,RM-C7-b-vitamins-d6188591,"Prinova USA,PureBulk"
222,RM-C7-magnesium-964b9c23,"Jost Chemical,Prinova USA"
223,RM-C7-natural-flavors-ed1c092b,"Gold Coast Ingredients"
224,RM-C7-potassium-c3344ceb,"Jost Chemical,Prinova USA"
225,RM-C7-sodium-72777d06,"Jost Chemical,Prinova USA"
226,RM-C7-stevia-or-sucralose-sweetener-a556c26e,"Prinova USA,Univar Solutions"
227,RM-C7-vitamin-c-cd36dbb3,"Prinova USA,PureBulk"
228,RM-C7-zinc-d01732ec,"Jost Chemical,Prinova USA"
229,RM-C8-cocoa-processed-with-alkali-bf29b228,Ingredion
230,RM-C8-natural-french-vanilla-flavor-440891d7,"Gold Coast Ingredients,Virginia Dare"
231,RM-C8-organic-cane-sugar-a6aae34c,"Ingredion,Prinova USA"
232,RM-C8-sunflower-lecithin-f6a00a49,"ADM,Cargill"
233,RM-C8-whey-protein-isolate-057891ce,"Actus Nutrition,Prinova USA"
234,RM-C8-xanthan-gum-e13cc7cd,Ingredion
235,RM-C9-acesulfame-potassium-82c4ce5f,"Cargill,Prinova USA"
236,RM-C9-ascorbic-acid-ee968c4e,"Prinova USA,PureBulk"
237,RM-C9-cellulose-gum-86c049a5,Ingredion
238,RM-C9-cocoa-82946ec0,Ingredion
239,RM-C9-maltodextrin-273f0e8c,Ingredion
240,RM-C9-natural-and-artificial-flavors-0702b8aa,"Gold Coast Ingredients"
241,RM-C9-salt-79a25e0f,"Jost Chemical,PureBulk"
242,RM-C9-sucralose-0d0ed3f1,"Prinova USA,Univar Solutions"
243,RM-C9-sunflower-lecithin-db6877ff,"ADM,Cargill"
244,RM-C9-vitamin-c-46b8181f,"Prinova USA,PureBulk"
245,RM-C9-vitamin-d-f836407b,"Prinova USA,PureBulk"
246,RM-C9-vitamin-d3-1ac68852,"Prinova USA,PureBulk"
247,RM-C9-whey-protein-concentrate-410208b7,"Actus Nutrition,Prinova USA"
248,RM-C9-whey-protein-isolate-2d082fc2,"Actus Nutrition,Prinova USA"
249,RM-C9-zinc-eab3b1ef,"Jost Chemical,Prinova USA"
250,RM-C9-zinc-oxide-d758de8e,"Jost Chemical,PureBulk"
251,RM-C10-chloride-b98a465b,"Jost Chemical,Prinova USA"
252,RM-C10-citric-acid-8159ad4e,"Prinova USA,Univar Solutions"
253,RM-C10-concentrace-trace-minerals-4f4f68d2,"Trace Minerals"
254,RM-C10-effervescent-base-ddcd1d62,"Prinova USA,Vitaquest"
255,RM-C10-natural-lemon-lime-flavor-2351fcc6,"Gold Coast Ingredients"
256,RM-C10-potassium-4334e301,"Jost Chemical,Prinova USA"
257,RM-C10-vitamin-c-a3c07522,"Prinova USA,PureBulk"
259,RM-C11-gelatin-capsule-bovine-42ef5483,"Capsuline,Darling Ingredients / Rousselot"
260,RM-C11-magnesium-glycinate-309625e9,"Balchem,PureBulk"
261,RM-C11-rice-powder-3d1b7e08,Ingredion
262,RM-C11-silica-1de71d67,"Ashland,Colorcon"
263,RM-C11-vegetable-magnesium-stearate-a91ab707,"Ashland,Colorcon"
264,RM-C12-blue-2-lake-b1728ef8,"Gold Coast Ingredients,Sensient"
265,RM-C12-calcium-carbonate-7423a5f4,"Jost Chemical,PureBulk"
266,RM-C12-cholecalciferol-vitamin-d3-d24cbd0c,"Prinova USA,PureBulk"
267,RM-C12-copper-sulfate-18cbcb56,"Jost Chemical,PureBulk"
268,RM-C12-croscarmellose-sodium-6986ada1,"Ashland,Colorcon"
269,RM-C12-magnesium-oxide-80939af8,"Jost Chemical,Prinova USA"
270,RM-C12-magnesium-stearate-1cf9b021,"Ashland,Colorcon"
271,RM-C12-maltodextrin-2c5ab478,Ingredion
272,RM-C12-manganese-sulfate-a7c552be,"Jost Chemical,PureBulk"
273,RM-C12-polyethylene-glycol-8a996dc9,"Spectrum Chemical,Univar Solutions"
274,RM-C12-polyvinyl-alcohol-bef41d00,"Ashland,Colorcon"
275,RM-C12-red-40-lake-8f2e0c08,"Gold Coast Ingredients,Sensient"
276,RM-C12-talc-4e027cb7,"Ashland,Colorcon"
277,RM-C12-titanium-dioxide-6699b33e,"Ashland,Colorcon"
278,RM-C12-tocopherols-98f93e88,"Prinova USA,PureBulk"
279,RM-C12-yellow-6-lake-d8d481af,"Gold Coast Ingredients,Sensient"
280,RM-C12-zinc-oxide-81626087,"Jost Chemical,PureBulk"
281,RM-C13-b-vitamins-00134c85,"Prinova USA,PureBulk"
282,RM-C13-energy-support-botanicals-nutrients-4823efcb,"Nutra Blend,Prinova USA"
283,RM-C13-probiotic-cultures-4fa0be80,"Custom Probiotics,Specialty Enzymes & Probiotics"
284,RM-C13-vitamin-d-b89cc23f,"Prinova USA,PureBulk"
285,RM-C14-b-vitamins-6b1105ff,"Prinova USA,PureBulk"
286,RM-C14-biotin-b128e9e7,"Prinova USA,PureBulk"
287,RM-C14-calcium-1b8fb86e,"Jost Chemical,Prinova USA"
288,RM-C14-chloride-3391a511,"Jost Chemical,Prinova USA"
289,RM-C14-chromium-e949ac4b,"Jost Chemical,Prinova USA"
290,RM-C14-copper-0315914d,"Jost Chemical,Prinova USA"
291,RM-C14-folate-65ea52b0,"Prinova USA,PureBulk"
292,RM-C14-gelatin-017eb28d,"Capsuline,Darling Ingredients / Rousselot"
293,RM-C14-iodine-f96d860c,"Jost Chemical,Prinova USA"
294,RM-C14-iron-1f8c0d39,"Jost Chemical,Prinova USA"
295,RM-C14-lutein-c82b0e46,"American Botanicals,Mueggenburg USA"
296,RM-C14-lycopene-92d0ad75,"American Botanicals,Mueggenburg USA"
297,RM-C14-magnesium-0ad704ee,"Jost Chemical,Prinova USA"
298,RM-C14-manganese-c9e87173,"Jost Chemical,Prinova USA"
299,RM-C14-molybdenum-4a13d728,"Jost Chemical,Prinova USA"
300,RM-C14-niacinamide-603dda4f,"Prinova USA,PureBulk"
301,RM-C14-pantothenic-acid-9e8a871d,"Prinova USA,PureBulk"
302,RM-C14-potassium-e9dad6ca,"Jost Chemical,Prinova USA"
303,RM-C14-riboflavin-cca38c81,"Prinova USA,PureBulk"
304,RM-C14-selenium-95d94eb8,"Jost Chemical,Prinova USA"
305,RM-C14-thiamine-904ca673,"Prinova USA,PureBulk"
306,RM-C14-vitamin-a-72b32d59,"Prinova USA,PureBulk"
307,RM-C14-vitamin-b1-9fb2f65d,"Prinova USA,PureBulk"
308,RM-C14-vitamin-b12-296cc7e3,"Prinova USA,PureBulk"
309,RM-C14-vitamin-b2-cad7cce6,"Prinova USA,PureBulk"
310,RM-C14-vitamin-b6-c130b713,"Prinova USA,PureBulk"
311,RM-C14-vitamin-c-e97cb4c7,"Prinova USA,PureBulk"
312,RM-C14-vitamin-d-0d97442e,"Prinova USA,PureBulk"
313,RM-C14-vitamin-e-7d43f6b1,"Prinova USA,PureBulk"
314,RM-C14-vitamin-k-8acc4148,"Prinova USA,PureBulk"
315,RM-C14-vitamin-k1-59e9cf97,"Prinova USA,PureBulk"
316,RM-C14-zinc-35e67d6e,"Jost Chemical,Prinova USA"
317,RM-C15-beet-powder-584aabff,"American Botanicals,Mueggenburg USA"
318,RM-C15-coconut-water-powder-ed983a65,"AIDP,American Botanicals"
319,RM-C15-lemon-juice-powder-0952a268,"AIDP,American Botanicals"
320,RM-C15-monk-fruit-extract-3b75b354,"Cargill,Prinova USA"
321,RM-C15-non-gmo-citric-acid-7638d213,"Ingredion,Prinova USA"
322,RM-C15-organic-flavor-1c1273ac,"Gold Coast Ingredients"
323,RM-C15-organic-ginger-4318d2ea,"American Botanicals,Mueggenburg USA"
324,RM-C15-organic-pomegranate-juice-powder-b89704e5,"American Botanicals,Mueggenburg USA"
325,RM-C15-organic-stevia-extract-f10816df,"Sawgrass Nutra Labs"
326,RM-C15-organic-turmeric-75c7aa52,"American Botanicals,Mueggenburg USA"
327,RM-C15-pink-himalayan-salt-7f2aeceb,"Jost Chemical,PureBulk"
328,RM-C15-sodium-citrate-2bb2e71f,"Jost Chemical,PureBulk"
329,RM-C16-calcium-6951db19,"Jost Chemical,Prinova USA"
330,RM-C16-citric-acid-67e2da70,"Prinova USA,Univar Solutions"
331,RM-C16-magnesium-e731ae15,"Jost Chemical,Prinova USA"
332,RM-C16-natural-flavors-2b576df4,"Gold Coast Ingredients"
333,RM-C16-potassium-3356f222,"Jost Chemical,Prinova USA"
334,RM-C16-sodium-ec6914d6,"Jost Chemical,Prinova USA"
335,RM-C17-ascorbic-acid-ab2a6348,"Prinova USA,PureBulk"
336,RM-C17-ascorbyl-palmitate-f401359d,"Prinova USA,PureBulk"
337,RM-C17-bht-7970c2c1,"Spectrum Chemical,Univar Solutions"
338,RM-C17-beta-carotene-75e75e5d,"Prinova USA,PureBulk"
339,RM-C17-biotin-07291e5b,"Prinova USA,PureBulk"
340,RM-C17-calcium-carbonate-164af619,"Jost Chemical,PureBulk"
341,RM-C17-carboxymethylcellulose-sodium-1d92bbc2,"Ashland,Colorcon"
342,RM-C17-cholecalciferol-75e08048,"Prinova USA,PureBulk"
343,RM-C17-chromium-5721b069,"Jost Chemical,Prinova USA"
344,RM-C17-chromium-chloride-ac386ae8,"Jost Chemical,PureBulk"
345,RM-C17-chromium-picolinate-9a349105,"Jost Chemical,Prinova USA"
346,RM-C17-croscarmellose-sodium-a3e32460,"Ashland,Colorcon"
347,RM-C17-cupric-oxide-95cf9a6a,"Jost Chemical,PureBulk"
348,RM-C17-cupric-sulfate-38ac7927,"Jost Chemical,PureBulk"
349,RM-C17-cyanocobalamin-902cb05e,"Prinova USA,PureBulk"
350,RM-C17-d-calcium-pantothenate-b22e6b6d,"Prinova USA,PureBulk"
351,RM-C17-dicalcium-phosphate-a5ed9ed7,"Jost Chemical,PureBulk"
352,RM-C17-fd-and-c-blue-no-2-lake-64e07256,"Gold Coast Ingredients,Sensient"
353,RM-C17-fd-and-c-red-no-40-lake-0779ba16,"Gold Coast Ingredients,Sensient"
354,RM-C17-fd-and-c-yellow-no-6-lake-6685d42c,"Gold Coast Ingredients,Sensient"
355,RM-C17-ferrous-fumarate-1bb7e62c,"Jost Chemical,PureBulk"
356,RM-C17-folic-acid-6c8e8f26,"Prinova USA,PureBulk"
357,RM-C17-gelatin-45b7cd2c,"Capsuline,Darling Ingredients / Rousselot"
358,RM-C17-glucose-16858abc,"Ingredion,Prinova USA"
359,RM-C17-gum-arabic-21ea5acf,"Ingredion,Prinova USA"
360,RM-C17-hydroxypropyl-methylcellulose-46512c9c,"Ashland,Colorcon"
361,RM-C17-lycopene-37067980,"American Botanicals,Mueggenburg USA"
362,RM-C17-magnesium-oxide-2b403060,"Jost Chemical,Prinova USA"
363,RM-C17-magnesium-stearate-6abf59fc,"Ashland,Colorcon"
364,RM-C17-maltodextrin-8c87d5eb,Ingredion
365,RM-C17-manganese-sulfate-f60c6285,"Jost Chemical,PureBulk"
366,RM-C17-medium-chain-triglycerides-8f09d80d,"ADM,Cargill"
367,RM-C17-microcrystalline-cellulose-557e108b,"Ashland,Colorcon"
368,RM-C17-molybdenum-bc44eb9d,"Jost Chemical,Prinova USA"
369,RM-C17-niacin-3c2ef14d,"Prinova USA,PureBulk"
370,RM-C17-nicotinamide-bcdfeba8,"Prinova USA,PureBulk"
371,RM-C17-pantothenic-acid-cc467f0a,"Prinova USA,PureBulk"
372,RM-C17-phytonadione-55621c1e,"Prinova USA,PureBulk"
373,RM-C17-polydextrose-cd4814b7,Ingredion
374,RM-C17-polyvinyl-alcohol-7d52bf18,"Ashland,Colorcon"
375,RM-C17-potassium-chloride-35a32d7a,"Jost Chemical,PureBulk"
376,RM-C17-potassium-iodide-e373836a,"Jost Chemical,PureBulk"
377,RM-C17-pyridoxine-hydrochloride-9ea3cd1b,"Prinova USA,PureBulk"
378,RM-C17-retinyl-acetate-464fff68,"Prinova USA,PureBulk"
379,RM-C17-riboflavin-1e96c616,"Prinova USA,PureBulk"
380,RM-C17-selenium-3c5cc68c,"Jost Chemical,Prinova USA"
381,RM-C17-silica-53bc9dc6,"Ashland,Colorcon"
382,RM-C17-sodium-aluminum-silicate-ad903eef,"Ashland,Colorcon"
383,RM-C17-sodium-ascorbate-f4dc2885,"Prinova USA,PureBulk"
384,RM-C17-sodium-benzoate-4b00adc9,"Ashland,Colorcon"
385,RM-C17-sodium-molybdate-0f7d838a,"Jost Chemical,PureBulk"
386,RM-C17-sodium-selenite-733ab69c,"Jost Chemical,PureBulk"
387,RM-C17-sodium-starch-glycolate-027c1542,Ingredion
388,RM-C17-sorbic-acid-c99fcf34,"Ashland,Colorcon"
389,RM-C17-sorbitol-fe5cb8ba,"Nutra Food Ingredients,Prinova USA"
390,RM-C17-starch-2edb910e,Ingredion
391,RM-C17-sucrose-efa729e9,"Ingredion,Prinova USA"
392,RM-C17-sunflower-oil-bb851f70,"ADM,Cargill"
393,RM-C17-thiamine-3ad733ed,"Prinova USA,PureBulk"
394,RM-C17-thiamine-mononitrate-b51b48ac,"Prinova USA,PureBulk"
395,RM-C17-titanium-dioxide-341f50d1,"Ashland,Colorcon"
396,RM-C17-tocopherols-a8fa557b,"Prinova USA,PureBulk"
397,RM-C17-tricalcium-phosphate-431a4818,"Jost Chemical,PureBulk"
398,RM-C17-vitamin-a-8273c020,"Prinova USA,PureBulk"
399,RM-C17-vitamin-b12-79c7611a,"Prinova USA,PureBulk"
400,RM-C17-vitamin-b6-64f65ea4,"Prinova USA,PureBulk"
401,RM-C17-vitamin-c-44b4a0f7,"Prinova USA,PureBulk"
402,RM-C17-vitamin-d3-e8b80826,"Prinova USA,PureBulk"
403,RM-C17-vitamin-e-d3ec2225,"Prinova USA,PureBulk"
404,RM-C17-vitamin-k-bc485b26,"Prinova USA,PureBulk"
405,RM-C17-zinc-oxide-add96a17,"Jost Chemical,PureBulk"
406,RM-C17-dl-alpha-tocopherol-68b372d5,"Prinova USA,PureBulk"
407,RM-C17-dl-alpha-tocopheryl-acetate-153b1b41,"Prinova USA,PureBulk"
408,RM-C17-dl-tartaric-acid-d0c76b57,"Prinova USA,Univar Solutions"
409,RM-C18-bcaas-162e8977,"BulkSupplements,PureBulk"
410,RM-C18-collagen-peptides-45fc58ed,"Darling Ingredients / Rousselot,Nutra Food Ingredients"
411,RM-C18-digestive-enzymes-5dab88c4,"ADM,Specialty Enzymes & Probiotics"
412,RM-C18-lecithin-a7f2d498,"ADM,Cargill"
413,RM-C18-natural-and-artificial-flavors-0e9a8451,"Gold Coast Ingredients"
414,RM-C18-whey-protein-isolate-5a7e86bf,"Actus Nutrition,Prinova USA"
415,RM-C19-calcium-c18ce14f,"Jost Chemical,Prinova USA"
416,RM-C19-carnauba-wax-217a6c92,"Koster Keunen,Strahl & Pitsch"
417,RM-C19-dicalcium-phosphate-2e99d674,"Jost Chemical,PureBulk"
418,RM-C19-gelatin-33f6d946,"Capsuline,Darling Ingredients / Rousselot"
419,RM-C19-gum-arabic-d8b5f627,"Ingredion,Prinova USA"
420,RM-C19-hydroxypropylmethylcellulose-eb1c22cf,"Ashland,Colorcon"
421,RM-C19-magnesium-oxide-22a42bff,"Jost Chemical,Prinova USA"
422,RM-C19-magnesium-stearate-63974975,"Ashland,Colorcon"
423,RM-C19-microcrystalline-cellulose-652ba547,"Ashland,Colorcon"
424,RM-C19-polyethylene-glycol-42d8398a,"Spectrum Chemical,Univar Solutions"
425,RM-C19-polysorbate-80-d1fa702e,"Ashland,Colorcon"
426,RM-C19-silicon-dioxide-8f3934a0,"Ashland,Colorcon"
427,RM-C19-stearic-acid-3d5eb908,"Ashland,Colorcon"
428,RM-C19-sucrose-c6abca6a,"Ingredion,Prinova USA"
429,RM-C19-titanium-dioxide-6921e678,"Ashland,Colorcon"
430,RM-C19-vegetable-acetoglycerides-14dd8d70,"Koster Keunen,Strahl & Pitsch"
431,RM-C19-vitamin-d3-cholecalciferol-3f392102,"Prinova USA,PureBulk"
432,RM-C20-bifidobacterium-lactis-bl-04-5b08978c,"Custom Probiotics,IFF"
433,RM-C20-milk-protein-6d7328df,"Actus Nutrition,Prinova USA"
434,RM-C20-organic-erythritol-7dc0aad5,"Nutra Food Ingredients,Prinova USA"
435,RM-C20-organic-gum-acacia-17c541a3,Ingredion
436,RM-C20-organic-stevia-extract-leaf-e803f0cb,"Sawgrass Nutra Labs"
437,RM-C20-organic-tapioca-fiber-imo-efc511c2,"Ingredion,Nutra Food Ingredients"
438,RM-C20-organic-vanilla-flavors-713ec126,"Gold Coast Ingredients,Virginia Dare"
439,RM-C20-sea-salt-1e8490d8,"Jost Chemical,PureBulk"
440,RM-C20-sunflower-lecithin-34d25076,"ADM,Cargill"
441,RM-C20-whey-protein-isolate-bfe00719,"Actus Nutrition,Prinova USA"
442,RM-C22-magnesium-citrate-086264b4,"Jost Chemical,PureBulk"
443,RM-C22-magnesium-glycinate-946fc249,"Balchem,PureBulk"
444,RM-C22-magnesium-malate-fbb003be,"Jost Chemical,Prinova USA"
445,RM-C22-magnesium-oxide-c1a77e26,"Jost Chemical,Prinova USA"
446,RM-C23-fructooligosaccharides-e129cdd9,Ingredion
447,RM-C23-natural-vanilla-a59abdd6,"Gold Coast Ingredients,Virginia Dare"
448,RM-C23-stevia-25f8dd86,"Cargill,Prinova USA"
449,RM-C23-whey-protein-concentrate-55ceaff9,"Actus Nutrition,Prinova USA"
450,RM-C23-whey-protein-isolate-4ac9a835,"Actus Nutrition,Prinova USA"
451,RM-C23-xanthan-gum-d9789f5b,Ingredion
452,RM-C24-glycerin-6cb5343a,Ingredion
453,RM-C24-olive-oil-1c285951,"ADM,Cargill"
454,RM-C24-softgel-bovine-gelatin-81674934,"Capsuline,Darling Ingredients / Rousselot"
455,RM-C24-vitamin-d3-cholecalciferol-0949dd9f,"Prinova USA,PureBulk"
457,RM-C25-ascorbic-acid-c727ed5c,"Prinova USA,PureBulk"
458,RM-C25-b-vitamins-46e3c4f9,"Prinova USA,PureBulk"
459,RM-C25-calcium-carbonate-4eb96085,"Jost Chemical,PureBulk"
460,RM-C25-calcium-citrate-02aa8da0,"Jost Chemical,PureBulk"
461,RM-C25-chromium-6ae0933c,"Jost Chemical,Prinova USA"
462,RM-C25-copper-5e0fc5d5,"Jost Chemical,Prinova USA"
463,RM-C25-dicalcium-phosphate-2dbbfc34,"Jost Chemical,PureBulk"
464,RM-C25-ferrous-fumarate-1e0f20e4,"Jost Chemical,PureBulk"
465,RM-C25-gelatin-121e19eb,"Capsuline,Darling Ingredients / Rousselot"
466,RM-C25-glycerin-d32adb62,Ingredion
467,RM-C25-magnesium-b5c61094,"Jost Chemical,Prinova USA"
468,RM-C25-magnesium-oxide-e49e39a0,"Jost Chemical,Prinova USA"
469,RM-C25-manganese-6ca1ae84,"Jost Chemical,Prinova USA"
470,RM-C25-microcrystalline-cellulose-6d0e7fe3,"Ashland,Colorcon"
471,RM-C25-potassium-chloride-f927469d,"Jost Chemical,PureBulk"
472,RM-C25-selenium-e14cba90,"Jost Chemical,Prinova USA"
473,RM-C25-soybean-oil-a542aa7c,"ADM,Cargill"
474,RM-C25-vitamin-a-2910180c,"Prinova USA,PureBulk"
475,RM-C25-vitamin-d-aa256974,"Prinova USA,PureBulk"
476,RM-C25-vitamin-d3-5116d136,"Prinova USA,PureBulk"
477,RM-C25-vitamin-d3-cholecalciferol-564712ba,"Prinova USA,PureBulk"
478,RM-C25-vitamin-e-4f4c99b8,"Prinova USA,PureBulk"
479,RM-C25-vitamin-k-d253aa53,"Prinova USA,PureBulk"
480,RM-C25-zinc-a4c54648,"Jost Chemical,Prinova USA"
481,RM-C26-citric-acid-fa037e6f,"Prinova USA,Univar Solutions"
482,RM-C26-magnesium-malate-98ccabb5,"Jost Chemical,Prinova USA"
483,RM-C26-natural-flavor-1d5bbf86,"Gold Coast Ingredients"
484,RM-C26-natural-flavors-20d1db28,"Gold Coast Ingredients"
485,RM-C26-potassium-chloride-414b5246,"Jost Chemical,PureBulk"
486,RM-C26-salt-sodium-chloride-dd396d8b,"Jost Chemical,PureBulk"
487,RM-C26-stevia-leaf-extract-40dbb2cc,"Cargill,Prinova USA"
488,RM-C27-citric-acid-22adab04,"Prinova USA,Univar Solutions"
489,RM-C27-dextrose-7cf0a4ab,"Ingredion,Prinova USA"
490,RM-C27-dipotassium-phosphate-0471d680,"Jost Chemical,PureBulk"
491,RM-C27-natural-flavor-1bb80751,"Gold Coast Ingredients"
492,RM-C27-natural-strawberry-flavor-6678e15f,"Gold Coast Ingredients"
493,RM-C27-potassium-citrate-b91db2ed,"Jost Chemical,PureBulk"
494,RM-C27-pure-cane-sugar-44f6c2d3,"Ingredion,Prinova USA"
495,RM-C27-salt-848383fa,"Jost Chemical,PureBulk"
496,RM-C27-silicon-dioxide-3e48964c,"Ashland,Colorcon"
497,RM-C27-sodium-citrate-08487851,"Jost Chemical,PureBulk"
498,RM-C27-stevia-leaf-extract-rebaudioside-a-7b086972,"Cargill,Prinova USA"
499,RM-C27-vitamin-b12-cyanocobalamin-2da25f81,"Prinova USA,PureBulk"
500,RM-C27-vitamin-b3-niacinamide-7dfaf6f5,"Prinova USA,PureBulk"
501,RM-C27-vitamin-b5-d-calcium-pantothenate-fd43f6c0,"Prinova USA,PureBulk"
502,RM-C27-vitamin-b6-pyridoxine-hydrochloride-bb52b75a,"Prinova USA,PureBulk"
503,RM-C27-vitamin-c-ascorbic-acid-2d17523d,"Prinova USA,PureBulk"
504,RM-C28-ascorbyl-palmitate-373a4bfa,"Prinova USA,PureBulk"
506,RM-C28-glycerin-85e43afb,Ingredion
507,RM-C28-hypromellose-155bba6b,"Capsuline,Colorcon"
508,RM-C28-magnesium-citrate-d364c220,"Jost Chemical,PureBulk"
509,RM-C28-safflower-oil-a84bc3ce,"ADM,Cargill"
510,RM-C28-silicon-dioxide-8891b60f,"Ashland,Colorcon"
511,RM-C28-softgel-capsule-bovine-gelatin-5a1a1582,"Capsuline,Darling Ingredients / Rousselot"
512,RM-C28-vitamin-d3-cholecalciferol-8956b79c,"Prinova USA,PureBulk"
514,RM-C29-dibasic-calcium-phosphate-dihydrate-ef3ab6b0,"Jost Chemical,Prinova USA"
515,RM-C29-magnesium-stearate-589caed7,"Ashland,Colorcon"
516,RM-C29-microcrystalline-cellulose-734eb550,"Ashland,Colorcon"
517,RM-C29-vitamin-d3-cholecalciferol-aedcde8b,"Prinova USA,PureBulk"
518,RM-C30-acacia-gum-fc79918e,Ingredion
519,RM-C30-b-vitamins-363953a0,"Prinova USA,PureBulk"
520,RM-C30-calcium-carbonate-dd9f47aa,"Jost Chemical,PureBulk"
521,RM-C30-carboxymethylcellulose-sodium-c79871c7,"Ashland,Colorcon"
522,RM-C30-carnauba-wax-302c3873,"Koster Keunen,Strahl & Pitsch"
523,RM-C30-cellulose-gel-66b4a4d5,Ingredion
524,RM-C30-citric-acid-d939ac85,"Prinova USA,Univar Solutions"
525,RM-C30-croscarmellose-sodium-6e3702fa,"Ashland,Colorcon"
526,RM-C30-epicor-postbiotic-57bf1fc9,Cargill
527,RM-C30-gelatin-2e7ec9f6,"Capsuline,Darling Ingredients / Rousselot"
528,RM-C30-glycerin-8bc0ab1f,Ingredion
529,RM-C30-hypromellose-917a9b27,"Capsuline,Colorcon"
530,RM-C30-iron-411b5c14,"Jost Chemical,Prinova USA"
531,RM-C30-magnesium-bisglycinate-c6e583c4,"Balchem,PureBulk"
532,RM-C30-magnesium-citrate-31b1d4da,"Jost Chemical,PureBulk"
533,RM-C30-magnesium-glycinate-ba21d239,"Balchem,PureBulk"
534,RM-C30-magnesium-malate-41278a52,"Jost Chemical,Prinova USA"
535,RM-C30-magnesium-oxide-a499cb62,"Jost Chemical,Prinova USA"
536,RM-C30-magnesium-stearate-201fdf47,"Ashland,Colorcon"
537,RM-C30-maltodextrin-65cad49f,Ingredion
538,RM-C30-medium-chain-triglycerides-b74dc13f,"ADM,Cargill"
539,RM-C30-microcrystalline-cellulose-98dc8e4d,"Ashland,Colorcon"
540,RM-C30-modified-food-starch-961c9833,Ingredion
541,RM-C30-palm-oil-f9de4c81,"ADM,Cargill"
542,RM-C30-rice-flour-947be4ee,Ingredion
543,RM-C30-silica-903baaf4,"Ashland,Colorcon"
544,RM-C30-silicon-dioxide-47cf951f,"Ashland,Colorcon"
545,RM-C30-soybean-oil-e0b7881a,"ADM,Cargill"
546,RM-C30-starch-883b427a,Ingredion
547,RM-C30-stearic-acid-19acfab5,"Ashland,Colorcon"
548,RM-C30-sugar-0bdf5d67,"Ingredion,Prinova USA"
549,RM-C30-vegetarian-capsule-ea92a1d1,"Capsuline,Colorcon"
550,RM-C30-vitamin-a-600bcca5,"Prinova USA,PureBulk"
551,RM-C30-vitamin-c-5399011f,"Prinova USA,PureBulk"
552,RM-C30-vitamin-d3-e0800226,"Prinova USA,PureBulk"
553,RM-C30-vitamin-d3-cholecalciferol-559c9699,"Prinova USA,PureBulk"
554,RM-C30-vitamin-e-5cbd51e2,"Prinova USA,PureBulk"
555,RM-C30-vitamin-k2-menaquinone-7-859f4a44,Balchem
557,RM-C30-zinc-f5b864e3,"Jost Chemical,Prinova USA"
558,RM-C31-ascorbyl-palmitate-cdce22fe,"Prinova USA,PureBulk"
559,RM-C31-corn-oil-1009aec3,"ADM,Cargill"
560,RM-C31-gelatin-64baa1c8,"Capsuline,Darling Ingredients / Rousselot"
561,RM-C31-magnesium-glycinate-74e5e25d,"Balchem,PureBulk"
562,RM-C31-soybean-oil-a030edea,"ADM,Cargill"
563,RM-C31-vegetable-cellulose-6da081fc,"Ashland,Colorcon"
564,RM-C31-vegetable-glycerin-78229fba,Ingredion
565,RM-C31-vitamin-d3-cholecalciferol-6e6ef79b,"Prinova USA,PureBulk"
566,RM-C32-aquamin-mg-soluble-2229f585,Stauber
567,RM-C32-ascorbic-acid-e21a79c1,"Prinova USA,PureBulk"
568,RM-C32-calcium-d-pantothenate-5db35528,"Prinova USA,PureBulk"
569,RM-C32-calcium-citrate-2f9465c9,"Jost Chemical,PureBulk"
570,RM-C32-cyanocobalamin-3d4cc1db,"Prinova USA,PureBulk"
571,RM-C32-magnesium-citrate-199478da,"Jost Chemical,PureBulk"
572,RM-C32-manganese-chelate-3e7e37a6,"Balchem,PureBulk"
573,RM-C32-niacin-6e777dec,"Prinova USA,PureBulk"
574,RM-C32-pink-himalayan-salt-3eab5c0a,"Jost Chemical,PureBulk"
575,RM-C32-potassium-citrate-ec7e555a,"Jost Chemical,PureBulk"
576,RM-C32-pyridoxine-hcl-b18e1d94,"Prinova USA,PureBulk"
577,RM-C32-sodium-chloride-c98dabe3,"Jost Chemical,PureBulk"
578,RM-C32-zinc-oxide-1bf96a0d,"Jost Chemical,PureBulk"
579,RM-C33-b-vitamins-3aef7be4,"Prinova USA,PureBulk"
580,RM-C33-biotin-dd51a7e1,"Prinova USA,PureBulk"
581,RM-C33-carnauba-wax-81404016,"Koster Keunen,Strahl & Pitsch"
582,RM-C33-ferment-media-c911f8c0,"Nutra Blend,Prinova USA"
583,RM-C33-folate-b7efc577,"Prinova USA,PureBulk"
584,RM-C33-lac-resin-c604fad6,"Koster Keunen,Strahl & Pitsch"
585,RM-C33-niacin-151277db,"Prinova USA,PureBulk"
586,RM-C33-organic-coating-83434eb0,"Ashland,Colorcon"
587,RM-C33-organic-gum-acacia-32c6f17e,Ingredion
588,RM-C33-organic-maltodextrin-3279a920,Ingredion
589,RM-C33-pantothenic-acid-39dfb546,"Prinova USA,PureBulk"
590,RM-C33-riboflavin-f24838be,"Prinova USA,PureBulk"
591,RM-C33-selenium-5e6509a0,"Jost Chemical,Prinova USA"
592,RM-C33-silica-a853ee85,"Ashland,Colorcon"
593,RM-C33-thiamin-1c74da1a,"Prinova USA,PureBulk"
594,RM-C33-vitamin-a-4518d5ec,"Prinova USA,PureBulk"
595,RM-C33-vitamin-b12-000a19b7,"Prinova USA,PureBulk"
596,RM-C33-vitamin-b6-fadb33a5,"Prinova USA,PureBulk"
597,RM-C33-vitamin-c-cc2f941d,"Prinova USA,PureBulk"
598,RM-C33-vitamin-d3-cd036b64,"Prinova USA,PureBulk"
599,RM-C33-vitamin-e-d3ce1b4f,"Prinova USA,PureBulk"
600,RM-C33-vitamin-k-2f127d05,"Prinova USA,PureBulk"
601,RM-C33-zinc-5e8d3f7e,"Jost Chemical,Prinova USA"
603,RM-C34-glycerin-ae7d95de,Ingredion
605,RM-C34-soft-gel-capsule-bovine-gelatin-7f9790b5,"Capsuline,Darling Ingredients / Rousselot"
606,RM-C34-vitamin-d3-cholecalciferol-7e2cad2a,"Prinova USA,PureBulk"
607,RM-C35-calcium-carbonate-d0e0b4e2,"Jost Chemical,PureBulk"
608,RM-C35-chromium-nicotinate-5344125d,"Jost Chemical,Prinova USA"
609,RM-C35-magnesium-carbonate-192d24ea,"Jost Chemical,Prinova USA"
610,RM-C35-magnesium-stearate-e0ea85f7,"Ashland,Colorcon"
611,RM-C35-potassium-gluconate-1edd6ca1,"Jost Chemical,PureBulk"
612,RM-C35-sodium-chloride-235bec7e,"Jost Chemical,PureBulk"
613,RM-C35-vegan-capsule-d9a85712,"Capsuline,Colorcon"
614,RM-C35-vitamin-c-l-ascorbic-acid-17da2399,"Prinova USA,PureBulk"
615,RM-C35-zinc-sulfate-04f0fb89,"Jost Chemical,PureBulk"
616,RM-C36-acesulfame-potassium-553079fd,"Cargill,Prinova USA"
617,RM-C36-cocoa-powder-99916811,Ingredion
618,RM-C36-natural-flavors-82a902e9,"Gold Coast Ingredients"
619,RM-C36-soy-lecithin-e5096e4a,"ADM,Cargill"
620,RM-C36-sucralose-d02d5b0f,"Prinova USA,Univar Solutions"
621,RM-C36-whey-protein-concentrate-7323d34b,"Actus Nutrition,Prinova USA"
622,RM-C37-ascorbic-acid-2dce8c2c,"Prinova USA,PureBulk"
623,RM-C37-beta-carotene-4a5e8c4f,"Prinova USA,PureBulk"
624,RM-C37-biotin-2d59ee9a,"Prinova USA,PureBulk"
625,RM-C37-calcium-carbonate-4d035065,"Jost Chemical,PureBulk"
626,RM-C37-cholecalciferol-f6d103e4,"Prinova USA,PureBulk"
627,RM-C37-chromium-chloride-29a65259,"Jost Chemical,PureBulk"
628,RM-C37-copper-84081b0a,"Jost Chemical,Prinova USA"
629,RM-C37-copper-sulfate-31751952,"Jost Chemical,PureBulk"
630,RM-C37-croscarmellose-sodium-08ab6ca3,"Ashland,Colorcon"
631,RM-C37-cyanocobalamin-e7d33656,"Prinova USA,PureBulk"
632,RM-C37-d-calcium-pantothenate-baa38478,"Prinova USA,PureBulk"
633,RM-C37-folic-acid-2bb2a34c,"Prinova USA,PureBulk"
634,RM-C37-gelatin-a40fdc3f,"Capsuline,Darling Ingredients / Rousselot"
635,RM-C37-gummy-base-7cb34dcd,"Makers Nutrition,Vitaquest"
636,RM-C37-hydroxypropyl-methylcellulose-6110db19,"Ashland,Colorcon"
637,RM-C37-inulin-c35ef509,"Ingredion,Nutra Food Ingredients"
638,RM-C37-lycopene-8cb6cef4,"American Botanicals,Mueggenburg USA"
639,RM-C37-magnesium-oxide-f07b6a9a,"Jost Chemical,Prinova USA"
640,RM-C37-maltodextrin-8bbe7b7e,Ingredion
641,RM-C37-manganese-11c87791,"Jost Chemical,Prinova USA"
642,RM-C37-manganese-sulfate-1324ef0a,"Jost Chemical,PureBulk"
643,RM-C37-medium-chain-triglycerides-c9f8b215,"ADM,Cargill"
644,RM-C37-microcrystalline-cellulose-613163d9,"Ashland,Colorcon"
645,RM-C37-natural-flavors-cbe92289,"Gold Coast Ingredients"
646,RM-C37-niacin-578ac50b,"Prinova USA,PureBulk"
647,RM-C37-niacinamide-51ff204b,"Prinova USA,PureBulk"
648,RM-C37-pantothenic-acid-9279a870,"Prinova USA,PureBulk"
649,RM-C37-polyvinylpolypyrrolidone-7e317c46,"Ashland,Colorcon"
650,RM-C37-potassium-iodide-f9b2b205,"Jost Chemical,PureBulk"
651,RM-C37-pyridoxine-hydrochloride-67345b25,"Prinova USA,PureBulk"
652,RM-C37-riboflavin-ece92ffe,"Prinova USA,PureBulk"
653,RM-C37-selenium-f5f4d7c6,"Jost Chemical,Prinova USA"
654,RM-C37-silicon-dioxide-16967f77,"Ashland,Colorcon"
655,RM-C37-sodium-selenite-5b7a29da,"Jost Chemical,PureBulk"
656,RM-C37-stearic-acid-8fe47daa,"Ashland,Colorcon"
657,RM-C37-thiamin-34ea3d66,"Prinova USA,PureBulk"
658,RM-C37-thiamine-mononitrate-1795539a,"Prinova USA,PureBulk"
659,RM-C37-vitamin-a-1b4aced9,"Prinova USA,PureBulk"
660,RM-C37-vitamin-a-acetate-c9020dfa,"Prinova USA,PureBulk"
661,RM-C37-vitamin-b12-3cf1dc01,"Prinova USA,PureBulk"
662,RM-C37-vitamin-b6-6cd7e57e,"Prinova USA,PureBulk"
663,RM-C37-vitamin-c-32bfc0a0,"Prinova USA,PureBulk"
664,RM-C37-vitamin-d-e888c721,"Prinova USA,PureBulk"
665,RM-C37-vitamin-e-cf6cd7f8,"Prinova USA,PureBulk"
666,RM-C37-vitamin-k-8eb31269,"Prinova USA,PureBulk"
667,RM-C37-zinc-eacf0348,"Jost Chemical,Prinova USA"
668,RM-C37-zinc-oxide-b733fd8f,"Jost Chemical,PureBulk"
669,RM-C37-dl-alpha-tocopheryl-acetate-50d2f8bd,"Prinova USA,PureBulk"
670,RM-C38-acesulfame-potassium-f51994fd,"Cargill,Prinova USA"
671,RM-C38-artificial-flavor-66466071,"Gold Coast Ingredients"
672,RM-C38-cellulose-gum-4260e588,Ingredion
673,RM-C38-cocoa-powder-processed-with-alkali-fc69b9d4,Ingredion
674,RM-C38-hydrolyzed-whey-protein-9f15d933,"Actus Nutrition"
675,RM-C38-natural-and-artificial-flavors-fbca0d45,"Gold Coast Ingredients"
676,RM-C38-natural-flavor-ec532add,"Gold Coast Ingredients"
677,RM-C38-salt-bddf68d5,"Jost Chemical,PureBulk"
678,RM-C38-soy-lecithin-563dc5ae,"ADM,Cargill"
679,RM-C38-sucralose-ea50c9df,"Prinova USA,Univar Solutions"
680,RM-C38-sunflower-lecithin-57949880,"ADM,Cargill"
681,RM-C38-whey-protein-concentrate-c419722f,"Actus Nutrition,Prinova USA"
682,RM-C38-whey-protein-isolate-f910e5ae,"Actus Nutrition,Prinova USA"
683,RM-C38-xanthan-gum-67eb24ef,Ingredion
684,RM-C39-cellulose-gum-04700a3c,Ingredion
685,RM-C39-grass-fed-whey-protein-concentrate-43f49f43,"Actus Nutrition"
686,RM-C39-natural-flavors-8eb8a548,"Gold Coast Ingredients"
687,RM-C39-organic-acacia-a1a4fd61,Ingredion
688,RM-C39-organic-erythritol-5e3cd183,"Nutra Food Ingredients,Prinova USA"
690,RM-C39-organic-inulin-b5d7a6d9,"Ingredion,Nutra Food Ingredients"
691,RM-C39-organic-rice-bran-extract-b66ec8f2,"American Botanicals,Mueggenburg USA"
692,RM-C39-organic-rice-dextrins-1576ca20,Ingredion
693,RM-C39-organic-rosemary-extract-64ac6002,"American Botanicals,Mueggenburg USA"
694,RM-C39-organic-stevia-5f6b93f5,"Sawgrass Nutra Labs"
695,RM-C39-potassium-chloride-8ccbe8a7,"Jost Chemical,PureBulk"
696,RM-C39-sea-salt-ca9e7781,"Jost Chemical,PureBulk"
697,RM-C39-xanthan-gum-65a01479,Ingredion
698,RM-C40-acesulfame-potassium-6684085e,"Cargill,Prinova USA"
699,RM-C40-ascorbic-acid-vitamin-c-2db5a34b,"Prinova USA,PureBulk"
700,RM-C40-citric-acid-c97d12d1,"Prinova USA,Univar Solutions"
701,RM-C40-coconut-water-from-concentrate-c23c9c80,"Sawgrass Nutra Labs"
702,RM-C40-cyanocobalamin-vitamin-b12-2048bd4e,"Prinova USA,PureBulk"
703,RM-C40-d-alpha-tocopheryl-acetate-vitamin-e-4f0e2772,"Prinova USA,PureBulk"
704,RM-C40-dipotassium-phosphate-0f032a47,"Jost Chemical,PureBulk"
705,RM-C40-l-isoleucine-fc3f6810,"BulkSupplements,PureBulk"
706,RM-C40-l-leucine-dc251fa2,"BulkSupplements,PureBulk"
707,RM-C40-l-valine-237d9405,"BulkSupplements,PureBulk"
708,RM-C40-magnesium-citrate-a5181724,"Jost Chemical,PureBulk"
709,RM-C40-natural-flavor-8c940fd7,"Gold Coast Ingredients"
710,RM-C40-pyridoxine-hydrochloride-vitamin-b6-3753727e,"Prinova USA,PureBulk"
711,RM-C40-retinyl-palmitate-vitamin-a-037f1204,"Prinova USA,PureBulk"
712,RM-C40-sea-salt-cc1b7ba6,"Jost Chemical,PureBulk"
713,RM-C40-sucralose-23b7e87e,"Prinova USA,Univar Solutions"
714,RM-C41-anhydrous-dextrose-d3ab3366,"Ingredion,Prinova USA"
715,RM-C41-citric-acid-1ace1f97,"Prinova USA,Univar Solutions"
716,RM-C41-natural-and-artificial-flavors-9b95de33,"Gold Coast Ingredients"
717,RM-C41-potassium-citrate-614cd5f0,"Jost Chemical,PureBulk"
718,RM-C41-salt-601e8ca1,"Jost Chemical,PureBulk"
719,RM-C42-calcium-7730815b,"Jost Chemical,Prinova USA"
720,RM-C42-magnesium-c8ab4bb5,"Jost Chemical,Prinova USA"
721,RM-C42-manganese-48c4b6c0,"Jost Chemical,Prinova USA"
722,RM-C42-organic-stevia-673828e1,"Sawgrass Nutra Labs"
723,RM-C42-pink-himalayan-salt-0d9b133e,"Jost Chemical,PureBulk"
724,RM-C42-potassium-73c4631d,"Jost Chemical,Prinova USA"
725,RM-C42-vitamin-c-e6bbe2c3,"Prinova USA,PureBulk"
726,RM-C42-zinc-9419c71d,"Jost Chemical,Prinova USA"
727,RM-C43-acesulfame-potassium-0f3b3a01,"Cargill,Prinova USA"
728,RM-C43-natural-and-artificial-flavors-5df885b2,"Gold Coast Ingredients"
729,RM-C43-salt-ff3b2d7b,"Jost Chemical,PureBulk"
730,RM-C43-sucralose-34d90dd1,"Prinova USA,Univar Solutions"
731,RM-C43-sunflower-lecithin-c6faf83a,"ADM,Cargill"
732,RM-C43-whey-protein-concentrate-9e1878ec,"Actus Nutrition,Prinova USA"
733,RM-C43-whey-protein-isolate-f612d921,"Actus Nutrition,Prinova USA"
734,RM-C44-boron-calcium-fructoborate-e286252b,FutureCeuticals
735,RM-C44-cellulose-8f00a013,"Ashland,Colorcon"
737,RM-C44-gellan-gum-b7fdbe7e,Ingredion
738,RM-C44-hypromellose-09b87db3,"Capsuline,Colorcon"
739,RM-C44-magnesium-dimagnesium-malate-ada4840f,"Jost Chemical,Prinova USA"
740,RM-C44-non-gmo-corn-zein-f09ef11c,"Spectrum Chemical,TCI America"
741,RM-C44-omega-3-dha-93196c59,"Icelandirect,Source-Omega LLC"
742,RM-C44-silica-eabf835d,"Ashland,Colorcon"
743,RM-C44-vitamin-a-retinyl-palmitate-c8fb97b4,"Prinova USA,PureBulk"
744,RM-C44-vitamin-b12-methylcobalamin-5f1622cd,"Prinova USA,PureBulk"
745,RM-C44-vitamin-d3-cholecalciferol-7429dd7b,"Prinova USA,PureBulk"
746,RM-C44-vitamin-e-alpha-tocopherol-0ac90371,"Prinova USA,PureBulk"
747,RM-C44-vitamin-k2-menaquinone-7-67e508fd,Balchem
748,RM-C44-zinc-zinc-bisglycinate-1d1aacc9,"Balchem,PureBulk"
749,RM-C45-kalahari-desert-salt-bda53857,"Jost Chemical,PureBulk"
750,RM-C45-natural-peach-flavor-ad37c12c,"Gold Coast Ingredients"
751,RM-C45-prebiotic-fiber-19375eea,"Nutra Blend,Prinova USA"
752,RM-C45-probiotic-cultures-288f2f30,"Custom Probiotics,Specialty Enzymes & Probiotics"
753,RM-C46-chloride-f97942ce,"Jost Chemical,Prinova USA"
754,RM-C46-magnesium-c7a80cd7,"Jost Chemical,Prinova USA"
755,RM-C46-potassium-2f0ec99d,"Jost Chemical,Prinova USA"
756,RM-C46-sodium-ee605774,"Jost Chemical,Prinova USA"
757,RM-C47-organic-dairy-whey-protein-concentrate-380e0c61,"Actus Nutrition,Prinova USA"
758,RM-C47-organic-sunflower-lecithin-0369477b,"ADM,Cargill"
759,RM-C48-microcrystalline-cellulose-aa7703fd,"Ashland,Colorcon"
760,RM-C48-riboflavin-1c60a1f7,"Prinova USA,PureBulk"
761,RM-C48-silica-35249d68,"Ashland,Colorcon"
762,RM-C48-vegetable-cellulose-61685b37,"Ashland,Colorcon"
763,RM-C48-vegetable-glycerin-38cf02f7,Ingredion
764,RM-C48-vegetable-magnesium-stearate-f8b702b6,"Ashland,Colorcon"
765,RM-C48-vegetable-stearic-acid-c62355d9,"Ashland,Colorcon"
766,RM-C48-vitamin-d3-cholecalciferol-a14e1c25,"Prinova USA,PureBulk"
767,RM-C49-coconut-mct-oil-df9c4153,"ADM,Cargill"
768,RM-C49-plantgel-capsule-98443da5,"Capsuline,Colorcon"
769,RM-C49-vitamin-d3-cholecalciferol-0d990e67,"Prinova USA,PureBulk"
770,RM-C49-vitamin-k2-menaquinone-7-a5d25cb5,Balchem
771,RM-C50-gelatin-e04eefe9,"Capsuline,Darling Ingredients / Rousselot"
772,RM-C50-glycerin-46154c5e,Ingredion
774,RM-C50-soybean-oil-525500a0,"ADM,Cargill"
775,RM-C50-vitamin-d3-cholecalciferol-22ab18a7,"Prinova USA,PureBulk"
776,RM-C51-beet-juice-powder-e6a75b77,"American Botanicals,Mueggenburg USA"
777,RM-C51-calcium-citrate-05013377,"Jost Chemical,PureBulk"
778,RM-C51-citric-acid-b71ce960,"Prinova USA,Univar Solutions"
779,RM-C51-fruit-and-vegetable-juice-2b966920,"AIDP,American Botanicals"
780,RM-C51-magnesium-citrate-cab42be9,"Jost Chemical,PureBulk"
781,RM-C51-malic-acid-ba710486,"Prinova USA,Univar Solutions"
782,RM-C51-manganese-chelate-2371eb5e,"Balchem,PureBulk"
783,RM-C51-natural-flavor-536a8cd1,"Gold Coast Ingredients"
784,RM-C51-pink-himalayan-salt-81828c4c,"Jost Chemical,PureBulk"
785,RM-C51-potassium-citrate-2d946db4,"Jost Chemical,PureBulk"
786,RM-C51-potassium-phosphate-adcfe753,"Jost Chemical,Prinova USA"
787,RM-C51-silicon-dioxide-ff5733b0,"Ashland,Colorcon"
788,RM-C51-stevia-leaf-extract-5786cb50,"Cargill,Prinova USA"
789,RM-C51-sucralose-2f4eb103,"Prinova USA,Univar Solutions"
790,RM-C51-vitamin-c-calcium-ascorbate-cc36787c,"Prinova USA,PureBulk"
791,RM-C51-zinc-chelate-89f8dfbc,"Balchem,PureBulk"
792,RM-C52-aqueous-coating-d3902f73,"Ashland,Colorcon"
793,RM-C52-astaxanthin-52c593d5,"American Botanicals,Mueggenburg USA"
794,RM-C52-b-vitamins-a8a22ae9,"Prinova USA,PureBulk"
795,RM-C52-black-pepper-concentrate-c4264fd8,"American Botanicals,Mueggenburg USA"
796,RM-C52-bone-gelatin-bovine-00801541,"Capsuline,Darling Ingredients / Rousselot"
797,RM-C52-boron-amino-acid-chelate-bddb269c,Balchem
798,RM-C52-citrus-bioflavonoids-0eafa0d2,"American Botanicals,Mueggenburg USA"
799,RM-C52-coenzyme-q10-2ac6b422,"Nutri Avenue,PureBulk"
800,RM-C52-croscarmellose-sodium-cf407533,"Ashland,Colorcon"
801,RM-C52-gelatin-capsule-d73cae98,"Capsuline,Darling Ingredients / Rousselot"
802,RM-C52-glycerin-6d2397e8,Ingredion
803,RM-C52-grape-seed-extract-24729e2a,"American Botanicals,Mueggenburg USA"
804,RM-C52-green-tea-extract-d0c3336d,"American Botanicals,Mueggenburg USA"
805,RM-C52-hypromellose-capsule-1f966702,"Capsuline,Colorcon"
806,RM-C52-inositol-7e1bd408,"Nutri Avenue,PureBulk"
807,RM-C52-lecithin-a3b01178,"ADM,Cargill"
808,RM-C52-lutein-bbbf953c,"American Botanicals,Mueggenburg USA"
809,RM-C52-lycopene-7367e764,"American Botanicals,Mueggenburg USA"
810,RM-C52-magnesium-bad565ba,"Jost Chemical,Prinova USA"
811,RM-C52-magnesium-aspartate-587ada69,"Jost Chemical,Prinova USA"
812,RM-C52-magnesium-citrate-dd88ed96,"Jost Chemical,PureBulk"
813,RM-C52-magnesium-glycinate-18aefa48,"Balchem,PureBulk"
814,RM-C52-magnesium-stearate-c3a91d20,"Ashland,Colorcon"
815,RM-C52-magnesium-taurate-a92bc022,Balchem
816,RM-C52-microcrystalline-cellulose-10b9f4fb,"Ashland,Colorcon"
817,RM-C52-modified-cellulose-80821d07,"Ashland,Colorcon"
818,RM-C52-natural-vanilla-flavor-46230f28,"Gold Coast Ingredients,Virginia Dare"
819,RM-C52-oil-fill-f62eb920,"ADM,Cargill"
820,RM-C52-performance-support-nutrients-165afec4,"Nutra Blend,Prinova USA"
821,RM-C52-pomegranate-extract-9e5077f4,"American Botanicals,Mueggenburg USA"
823,RM-C52-resveratrol-380303bc,"American Botanicals,Mueggenburg USA"
824,RM-C52-rhodiola-rosea-extract-root-67517b7c,"American Botanicals,Mueggenburg USA"
825,RM-C52-silica-b4663ebe,"Ashland,Colorcon"
826,RM-C52-stearic-acid-bc04499f,"Ashland,Colorcon"
827,RM-C52-sunflower-oil-32988c9f,"ADM,Cargill"
828,RM-C52-vanadium-as-vanadyl-sulfate-52713008,"Jost Chemical,Prinova USA"
829,RM-C52-vitamin-a-2b057046,"Prinova USA,PureBulk"
830,RM-C52-vitamin-c-cb25e76b,"Prinova USA,PureBulk"
831,RM-C52-vitamin-d-8be54225,"Prinova USA,PureBulk"
832,RM-C52-vitamin-d3-cholecalciferol-1d08f804,"Prinova USA,PureBulk"
833,RM-C52-vitamin-e-ba108fda,"Prinova USA,PureBulk"
834,RM-C52-vitamin-k2-14872ba1,"Balchem,Prinova USA"
835,RM-C52-whey-protein-isolate-c26e7fed,"Actus Nutrition,Prinova USA"
836,RM-C52-zeaxanthin-fdb7165d,"American Botanicals,Mueggenburg USA"
837,RM-C52-zinc-0d5d167a,"Jost Chemical,Prinova USA"
838,RM-C53-hypromellose-62e46f08,"Capsuline,Colorcon"
839,RM-C53-leucine-d14d0c88,"BulkSupplements,PureBulk"
840,RM-C53-microcrystalline-cellulose-50860e67,"Ashland,Colorcon"
841,RM-C53-silicon-dioxide-e129db18,"Ashland,Colorcon"
842,RM-C53-vitamin-d3-cholecalciferol-d3043492,"Prinova USA,PureBulk"
843,RM-C53-vitamin-e-d-alpha-tocopheryl-95f6e23c,"Prinova USA,PureBulk"
844,RM-C54-natural-vanilla-flavor-a683c377,"Gold Coast Ingredients,Virginia Dare"
845,RM-C54-organic-whey-protein-37daa164,"Prinova USA,PureBulk"
846,RM-C55-alfalfa-leaf-d50c2290,"American Botanicals,Mueggenburg USA"
847,RM-C55-boron-4ae66b5e,"Jost Chemical,Prinova USA"
848,RM-C55-chloride-785dda86,"Jost Chemical,Prinova USA"
849,RM-C55-concentrace-trace-minerals-d946a4e9,"Trace Minerals"
850,RM-C55-croscarmellose-sodium-f806a3ba,"Ashland,Colorcon"
851,RM-C55-hydroxypropyl-methyl-cellulose-d319fb46,"Ashland,Colorcon"
852,RM-C55-iron-glycinate-6ef778b3,"Balchem,PureBulk"
853,RM-C55-kelp-extract-c17e558c,"American Botanicals,Mueggenburg USA"
854,RM-C55-magnesium-719304ad,"Jost Chemical,Prinova USA"
855,RM-C55-magnesium-stearate-475309ec,"Ashland,Colorcon"
856,RM-C55-microcrystalline-cellulose-6b9cdf39,"Ashland,Colorcon"
857,RM-C55-potassium-aaed46d8,"Jost Chemical,Prinova USA"
858,RM-C55-sodium-613e8388,"Jost Chemical,Prinova USA"
859,RM-C55-stearic-acid-3a1ca9f9,"Ashland,Colorcon"
860,RM-C55-sulfate-92639eea,"Jost Chemical,Prinova USA"
861,RM-C55-taurine-e1cf4b6c,"BulkSupplements,PureBulk"
862,RM-C55-vitamin-b6-pyridoxal-5-phosphate-5af7c48a,"Prinova USA,PureBulk"
863,RM-C56-beet-extract-e7c171ca,"American Botanicals,Mueggenburg USA"
864,RM-C56-beta-carotene-30b80b09,"AIDP,Nutri Avenue"
865,RM-C56-calcium-ascorbate-fca157d3,"Prinova USA,PureBulk"
866,RM-C56-calcium-lactate-gluconate-44d08e4d,"Jost Chemical,Prinova USA"
867,RM-C56-citric-acid-d55c874f,"Prinova USA,Univar Solutions"
868,RM-C56-coloring-concentrates-92216482,"Gold Coast Ingredients,Sensient"
869,RM-C56-magnesium-citrate-5cf5996a,"Jost Chemical,PureBulk"
870,RM-C56-malic-acid-6d696fa8,"Prinova USA,Univar Solutions"
871,RM-C56-manganese-citrate-0b990e60,"Jost Chemical,Prinova USA"
872,RM-C56-natural-flavors-4adc0048,"Gold Coast Ingredients"
873,RM-C56-natural-passionfruit-flavor-e6075eee,"Gold Coast Ingredients"
874,RM-C56-natural-tangerine-flavor-ed4b8232,"Gold Coast Ingredients"
875,RM-C56-organic-stevia-leaf-extract-rebaudioside-a-4b383f8d,"Sawgrass Nutra Labs"
876,RM-C56-other-natural-flavors-565ce93f,"Gold Coast Ingredients"
877,RM-C56-potassium-aspartate-e54e5e27,"Jost Chemical,Prinova USA"
878,RM-C56-potassium-phosphate-066639d2,"Jost Chemical,Prinova USA"
879,RM-C56-rebaudioside-a-a60df8cc,"Cargill,Prinova USA"
880,RM-C56-salt-sodium-chloride-aa9476b4,"Jost Chemical,PureBulk"
881,RM-C56-zinc-citrate-45e7f827,"Jost Chemical,Prinova USA"
882,RM-C57-b-vitamins-43e97376,"Prinova USA,PureBulk"
883,RM-C57-calcium-c4d04740,"Jost Chemical,Prinova USA"
884,RM-C57-coq10-9d71a3b0,"Nutri Avenue,PureBulk"
885,RM-C57-cultured-nutrients-5c87fee4,"Nutra Blend,Prinova USA"
886,RM-C57-fruit-nutrients-b65036d4,"Nutra Blend,Prinova USA"
887,RM-C57-gelatin-7989e661,"Capsuline,Darling Ingredients / Rousselot"
888,RM-C57-glycerin-f6cb3f81,Ingredion
889,RM-C57-green-tea-extract-392bcde1,"American Botanicals,Mueggenburg USA"
890,RM-C57-hydroxypropyl-methylcellulose-fd866cd2,"Ashland,Colorcon"
891,RM-C57-magnesium-21307eac,"Jost Chemical,Prinova USA"
892,RM-C57-magnesium-l-threonate-magtein-f0269f1e,"Magtein / ThreoTech LLC"
893,RM-C57-magnesium-amino-acid-chelate-9d18d641,Balchem
894,RM-C57-magnesium-malate-20ee1628,"Jost Chemical,Prinova USA"
895,RM-C57-magnesium-oxide-bfe97255,"Jost Chemical,Prinova USA"
896,RM-C57-magnesium-taurinate-cc787279,Balchem
897,RM-C57-microcrystalline-cellulose-4a390b30,"Ashland,Colorcon"
898,RM-C57-oil-fill-6d6c2601,"ADM,Cargill"
899,RM-C57-potassium-f8472195,"Jost Chemical,Prinova USA"
900,RM-C57-resveratrol-61a80a5b,"American Botanicals,Mueggenburg USA"
901,RM-C57-rice-flour-110edd38,Ingredion
902,RM-C57-selenium-e7d5f552,"Jost Chemical,Prinova USA"
903,RM-C57-silicon-dioxide-2a2a437f,"Ashland,Colorcon"
904,RM-C57-trace-mineral-concentrate-74f28e46,"Trace Minerals"
905,RM-C57-vegetable-magnesium-stearate-006c7e32,"Ashland,Colorcon"
906,RM-C57-vegetable-nutrients-4667fd2d,"Nutra Blend,Prinova USA"
907,RM-C57-vegetable-stearic-acid-d0876531,"Ashland,Colorcon"
908,RM-C57-vitamin-a-67ccef59,"Prinova USA,PureBulk"
909,RM-C57-vitamin-c-51069db6,"Prinova USA,PureBulk"
910,RM-C57-vitamin-d-d6cf0dcb,"Prinova USA,PureBulk"
911,RM-C57-vitamin-d3-9213116f,"Prinova USA,PureBulk"
912,RM-C57-vitamin-d3-cholecalciferol-528f4316,"Prinova USA,PureBulk"
913,RM-C57-vitamin-e-4ec68bfe,"Prinova USA,PureBulk"
915,RM-C57-zinc-6557a033,"Jost Chemical,Prinova USA"
916,RM-C58-blend-of-oils-coconut-and-or-palm-with-beeswax-and-or-carnauba-w-740c2381,"Koster Keunen,Strahl & Pitsch"
917,RM-C58-citric-acid-37ade881,"Prinova USA,Univar Solutions"
918,RM-C58-gelatin-c50b9920,"Capsuline,Darling Ingredients / Rousselot"
919,RM-C58-lactic-acid-24bdbce4,"Prinova USA,Univar Solutions"
920,RM-C58-natural-cherry-flavor-01fcd8a9,"Gold Coast Ingredients"
921,RM-C58-sugar-117cb796,"Ingredion,Prinova USA"
922,RM-C58-tapioca-syrup-7b1d82e3,"Ingredion,Nutra Food Ingredients"
923,RM-C58-vitamin-b12-0f254674,"Prinova USA,PureBulk"
925,RM-C59-ascorbic-acid-56e58451,"Prinova USA,PureBulk"
926,RM-C59-ascorbyl-palmitate-e1e4a88d,"Prinova USA,PureBulk"
927,RM-C59-bht-2d7917e1,"Spectrum Chemical,Univar Solutions"
928,RM-C59-beta-carotene-90830a92,"Prinova USA,PureBulk"
929,RM-C59-biotin-463a7b27,"Prinova USA,PureBulk"
930,RM-C59-calcium-carbonate-690f19e0,"Jost Chemical,PureBulk"
931,RM-C59-carboxymethylcellulose-sodium-133ab5ac,"Ashland,Colorcon"
932,RM-C59-cholecalciferol-509366a6,"Prinova USA,PureBulk"
933,RM-C59-chromium-picolinate-0dcb6cc2,"Jost Chemical,Prinova USA"
934,RM-C59-cupric-sulfate-5e195820,"Jost Chemical,PureBulk"
935,RM-C59-cyanocobalamin-8c510008,"Prinova USA,PureBulk"
936,RM-C59-d-calcium-pantothenate-038632c0,"Prinova USA,PureBulk"
937,RM-C59-folic-acid-b94e91e8,"Prinova USA,PureBulk"
938,RM-C59-hydroxypropyl-methylcellulose-abdbe801,"Ashland,Colorcon"
939,RM-C59-magnesium-oxide-4a98c9ca,"Jost Chemical,Prinova USA"
940,RM-C59-magnesium-stearate-4561c008,"Ashland,Colorcon"
941,RM-C59-maltodextrin-b4840597,Ingredion
942,RM-C59-manganese-sulfate-ef83585c,"Jost Chemical,PureBulk"
943,RM-C59-medium-chain-triglycerides-3a3179d8,"ADM,Cargill"
944,RM-C59-microcrystalline-cellulose-eb777a11,"Ashland,Colorcon"
945,RM-C59-nicotinamide-c2fc9f74,"Prinova USA,PureBulk"
946,RM-C59-phytonadione-9828ed92,"Prinova USA,PureBulk"
947,RM-C59-polyvinyl-alcohol-0b7755ed,"Ashland,Colorcon"
948,RM-C59-pyridoxine-hydrochloride-8e3b8cb3,"Prinova USA,PureBulk"
949,RM-C59-retinyl-acetate-66d8f431,"Prinova USA,PureBulk"
950,RM-C59-riboflavin-6d322379,"Prinova USA,PureBulk"
951,RM-C59-silica-632f3bc8,"Ashland,Colorcon"
952,RM-C59-sodium-selenite-4368f280,"Jost Chemical,PureBulk"
953,RM-C59-sodium-starch-glycolate-c3fc22e9,Ingredion
954,RM-C59-sorbitol-8ca4b855,"Nutra Food Ingredients,Prinova USA"
955,RM-C59-starch-8ddef958,Ingredion
956,RM-C59-thiamine-mononitrate-9971bee4,"Prinova USA,PureBulk"
957,RM-C59-zinc-oxide-b64ce7de,"Jost Chemical,PureBulk"
958,RM-C59-dl-tartaric-acid-03e26fb5,"Prinova USA,Univar Solutions"
959,RM-C60-b-vitamins-228430aa,"Prinova USA,PureBulk"
960,RM-C60-iron-99cff33a,"Jost Chemical,Prinova USA"
961,RM-C60-magnesium-glycinate-37b966a0,"Balchem,PureBulk"
962,RM-C60-organic-agave-inulin-powder-d12caa82,"Ingredion,Nutra Food Ingredients"
963,RM-C60-organic-food-complex-83c82fa3,"Nutra Blend,Prinova USA"
964,RM-C60-organic-food-complex-blend-20007d19,"Nutra Blend,Prinova USA"
965,RM-C60-vegan-capsule-hypromellose-e7b625d7,"Capsuline,Colorcon"
966,RM-C60-vitamin-a-f0d3ee67,"Prinova USA,PureBulk"
967,RM-C60-vitamin-c-26700f36,"Prinova USA,PureBulk"
968,RM-C60-vitamin-d3-301398bc,"Prinova USA,PureBulk"
969,RM-C60-vitamin-e-51bd7c78,"Prinova USA,PureBulk"
971,RM-C61-acesulfame-potassium-0fe24e86,"Cargill,Prinova USA"
972,RM-C61-artificial-flavors-1a59971a,"Gold Coast Ingredients"
973,RM-C61-natural-flavors-987592fa,"Gold Coast Ingredients"
974,RM-C61-salt-69aa56ac,"Jost Chemical,PureBulk"
975,RM-C61-silicon-dioxide-b7db8185,"Ashland,Colorcon"
976,RM-C61-sucralose-ca42d35b,"Prinova USA,Univar Solutions"
977,RM-C61-sunflower-lecithin-3bc12a21,"ADM,Cargill"
978,RM-C61-whey-protein-concentrate-1e516212,"Actus Nutrition,Prinova USA"
979,RM-C61-whey-protein-isolate-a098ef43,"Actus Nutrition,Prinova USA"
980,RM-C61-xanthan-gum-aaef1463,Ingredion
981,RM-C62-acesulfame-potassium-db0d2756,"Cargill,Prinova USA"
982,RM-C62-ascorbic-acid-vitamin-c-bafc417d,"Prinova USA,PureBulk"
983,RM-C62-biotin-bde34d3e,"Prinova USA,PureBulk"
984,RM-C62-calcium-060cf77f,"Jost Chemical,Prinova USA"
985,RM-C62-calcium-carbonate-f7674431,"Jost Chemical,PureBulk"
986,RM-C62-calcium-pantothenate-vitamin-b5-be397bac,"Prinova USA,PureBulk"
987,RM-C62-cane-sugar-3a174aee,"Ingredion,Prinova USA"
988,RM-C62-carboxymethylcellulose-sodium-4b2d41f6,"Ashland,Colorcon"
989,RM-C62-carnauba-wax-1b29fa95,"Koster Keunen,Strahl & Pitsch"
990,RM-C62-chromium-3b73995f,"Jost Chemical,Prinova USA"
991,RM-C62-citric-acid-1bf7cf36,"Prinova USA,Univar Solutions"
992,RM-C62-copper-ac5ea57f,"Jost Chemical,Prinova USA"
993,RM-C62-corn-oil-910491c6,"ADM,Cargill"
994,RM-C62-croscarmellose-sodium-f8a1a234,"Ashland,Colorcon"
995,RM-C62-cyanocobalamin-vitamin-b12-64ceac07,"Prinova USA,PureBulk"
996,RM-C62-dextrose-fee38410,"Ingredion,Prinova USA"
997,RM-C62-dipotassium-phosphate-e5d48242,"Jost Chemical,PureBulk"
998,RM-C62-folate-00e488da,"Prinova USA,PureBulk"
999,RM-C62-gelatin-f333c686,"Capsuline,Darling Ingredients / Rousselot"
1000,RM-C62-gum-acacia-5116cd9c,Ingredion
1001,RM-C62-iron-ce69dcf7,"Jost Chemical,Prinova USA"
1002,RM-C62-magnesium-27e501c9,"Jost Chemical,Prinova USA"
1003,RM-C62-magnesium-glycinate-91e40c88,"Balchem,PureBulk"
1004,RM-C62-magnesium-oxide-f01522b4,"Jost Chemical,Prinova USA"
1005,RM-C62-magnesium-silicate-a5115f01,"Ashland,Colorcon"
1006,RM-C62-magnesium-stearate-f03e0ce6,"Ashland,Colorcon"
1007,RM-C62-maltodextrin-e4ad06b4,Ingredion
1008,RM-C62-manganese-1e2d5f6c,"Jost Chemical,Prinova USA"
1009,RM-C62-microcrystalline-cellulose-c7cb2454,"Ashland,Colorcon"
1010,RM-C62-natural-and-artificial-flavors-8d2408fe,"Gold Coast Ingredients"
1011,RM-C62-natural-flavor-d8548a82,"Gold Coast Ingredients"
1012,RM-C62-niacinamide-5dd1cad0,"Prinova USA,PureBulk"
1013,RM-C62-niacinamide-vitamin-b3-6eb51d3f,"Prinova USA,PureBulk"
1014,RM-C62-pantothenic-acid-e361dd4c,"Prinova USA,PureBulk"
1015,RM-C62-pea-starch-b6c86033,Ingredion
1016,RM-C62-pharmaceutical-glaze-9e2f2a57,"Ashland,Colorcon"
1017,RM-C62-potassium-citrate-916cd876,"Jost Chemical,PureBulk"
1019,RM-C62-pyridoxine-hydrochloride-vitamin-b6-7b4a9792,"Prinova USA,PureBulk"
1020,RM-C62-riboflavin-98692789,"Prinova USA,PureBulk"
1021,RM-C62-rice-powder-2b0b6431,Ingredion
1022,RM-C62-salt-8c7e3d71,"Jost Chemical,PureBulk"
1023,RM-C62-silica-37e58489,"Ashland,Colorcon"
1024,RM-C62-silicon-dioxide-0de24b28,"Ashland,Colorcon"
1025,RM-C62-sodium-alginate-079fb879,"Ashland,Colorcon"
1026,RM-C62-sodium-citrate-b96411ba,"Jost Chemical,PureBulk"
1027,RM-C62-soy-lecithin-2621a336,"ADM,Cargill"
1028,RM-C62-soybean-oil-e3a6ee3c,"ADM,Cargill"
1029,RM-C62-starch-5debaa10,Ingredion
1030,RM-C62-stearic-acid-29ed75dd,"Ashland,Colorcon"
1031,RM-C62-stevia-leaf-extract-646b040d,"Cargill,Prinova USA"
1032,RM-C62-sucralose-c98ea80a,"Prinova USA,Univar Solutions"
1033,RM-C62-thiamin-3f27fbc4,"Prinova USA,PureBulk"
1034,RM-C62-vegetable-glycerin-45011119,Ingredion
1035,RM-C62-vegetable-magnesium-stearate-9a981b0a,"Ashland,Colorcon"
1036,RM-C62-vitamin-a-237ecc57,"Prinova USA,PureBulk"
1037,RM-C62-vitamin-b6-fc69f47f,"Prinova USA,PureBulk"
1038,RM-C62-vitamin-c-b1892692,"Prinova USA,PureBulk"
1039,RM-C62-vitamin-d3-58becc1b,"Prinova USA,PureBulk"
1040,RM-C62-vitamin-d3-cholecalciferol-c763da21,"Prinova USA,PureBulk"
1041,RM-C62-vitamin-e-4af75bd6,"Prinova USA,PureBulk"
1042,RM-C62-vitamin-k-c09d2fee,"Prinova USA,PureBulk"
1043,RM-C62-whey-protein-concentrate-ea7872cd,"Actus Nutrition,Prinova USA"
1044,RM-C62-whey-protein-isolate-fe1d5c8c,"Actus Nutrition,Prinova USA"
1045,RM-C62-xanthan-gum-91be16c3,Ingredion
1046,RM-C62-zinc-e3a68036,"Jost Chemical,Prinova USA"
